<?xml version="1.0" encoding="UTF-8" ?>
<!-- Generated by Oracle SOA Modeler version 12.2.1.2.0.161003 at [6/5/17 10:58 AM]. -->
<composite name="SOADevOpsComposite"
           revision="1.0-SNAPSHOT"
           label="2017-06-05_10-58-14_590"
           mode="active"
           state="on"
           xmlns="http://xmlns.oracle.com/sca/1.0"
           xmlns:xs="http://www.w3.org/2001/XMLSchema"
           xmlns:wsp="http://schemas.xmlsoap.org/ws/2004/09/policy"
           xmlns:orawsp="http://schemas.oracle.com/ws/2006/01/policy"
           xmlns:ui="http://xmlns.oracle.com/soa/designer/"
           xmlns:sca-ext="http://xmlns.oracle.com/sca/1.0-ext">
  <import namespace="http://xmlns.oracle.com/SOADevOpsApplication/SOADevOpsComposite/BPELProcess1"
          location="WSDLs/BPELProcess1.wsdl" importType="wsdl"/>
  <service name="bpelprocess1_client_ep" ui:wsdlLocation="WSDLs/BPELProcess1.wsdl">
    <interface.wsdl interface="http://xmlns.oracle.com/SOADevOpsApplication/SOADevOpsComposite/BPELProcess1#wsdl.interface(BPELProcess1)"
                    callbackInterface="http://xmlns.oracle.com/SOADevOpsApplication/SOADevOpsComposite/BPELProcess1#wsdl.interface(BPELProcess1Callback)"/>
    <binding.ws port="http://xmlns.oracle.com/SOADevOpsApplication/SOADevOpsComposite/BPELProcess1#wsdl.endpoint(bpelprocess1_client_ep/BPELProcess1_pt)"/>
    <callback>
      <binding.ws port="http://xmlns.oracle.com/SOADevOpsApplication/SOADevOpsComposite/BPELProcess1#wsdl.endpoint(bpelprocess1_client_ep/BPELProcess1Callback_pt)"/>
    </callback>
  </service>
  <property name="productVersion" type="xs:string" many="false">12.2.1.2.0.161003</property>
  <property name="compositeID" type="xs:string" many="false">86dd9d47-dfb5-4061-af83-6b32627af7dc</property>
  <component name="BPELProcess1" version="2.0">
    <implementation.bpel src="BPEL/BPELProcess1.bpel"/>
    <componentType>
      <service name="bpelprocess1_client" ui:wsdlLocation="WSDLs/BPELProcess1.wsdl">
        <interface.wsdl interface="http://xmlns.oracle.com/SOADevOpsApplication/SOADevOpsComposite/BPELProcess1#wsdl.interface(BPELProcess1)"
                        callbackInterface="http://xmlns.oracle.com/SOADevOpsApplication/SOADevOpsComposite/BPELProcess1#wsdl.interface(BPELProcess1Callback)"/>
      </service>
    </componentType>
    <property name="bpel.config.oneWayDeliveryPolicy" type="xs:string" many="false">async.persist</property>
  </component>
  <wire>
    <source.uri>bpelprocess1_client_ep</source.uri>
    <target.uri>BPELProcess1/bpelprocess1_client</target.uri>
  </wire>
</composite>
